matrix,nr_rows,nr_cols,nr_nzeros,mem_footprint,density,nnz-r-min,nnz-r-max,nnz-r-avg,nnz-r-std,nnz-c-min,nnz-c-max,nnz-c-avg,nnz-c-std,skew_coeff,bw-min,bw-max,bw-avg,bw-std,cross-nnz-min,cross-nnz-max,cross-nnz-avg,cross-nnz-std,cross-norm-min,cross-norm-max,cross-norm-avg,cross-norm-std
body_encoder_layer_0_ffn_conv1_fully_connected,2048,512,524288,6.01,0.50,39.00,501.00,256.00,76.22,17.00,1602.00,1024.00,280.46,0.96,0.21,1.00,0.97,0.09,64.00,2103.00,1379.51,287.59,0.10,1.76,1.08,0.16
body_encoder_layer_0_ffn_conv2_fully_connected,512,2048,524288,6.00,0.50,286.00,1315.00,1024.00,318.13,0.00,421.00,256.00,49.71,0.28,0.99,1.00,1.00,0.002161,306.00,1736.00,1388.49,235.49,0.17,1.46,1.07,0.13
body_encoder_layer_0_self_attention_multihead_attention_k_fully_connected,512,512,131072,1.50,0.50,87.00,385.00,256.00,94.37,170.00,418.00,256.00,73.95,0.50,0.91,1.00,0.99,0.01,266.00,803.00,568.15,100.48,0.52,1.57,1.11,0.20
body_encoder_layer_0_self_attention_multihead_attention_output_transform_fully_connected,512,512,131072,1.50,0.50,0.00,386.00,256.00,150.28,157.00,381.00,256.00,29.88,0.51,0.00,1.00,0.75,0.42,239.00,767.00,603.71,37.13,0.47,1.50,1.18,0.07
body_encoder_layer_0_self_attention_multihead_attention_q_fully_connected,512,512,131072,1.50,0.50,88.00,375.00,256.00,86.25,177.00,423.00,256.00,67.79,0.46,0.91,1.00,0.99,0.01,272.00,798.00,559.01,95.57,0.53,1.56,1.09,0.19
body_encoder_layer_0_self_attention_multihead_attention_v_fully_connected,512,512,131072,1.50,0.50,93.00,355.00,256.00,79.27,156.00,456.00,256.00,96.60,0.39,0.24,1.00,0.95,0.16,257.00,811.00,573.00,112.70,0.50,1.58,1.12,0.22
body_encoder_layer_1_ffn_conv1_fully_connected,2048,512,524288,6.01,0.50,5.00,397.00,256.00,52.91,401.00,1449.00,1024.00,159.98,0.55,0.41,1.00,0.99,0.02,452.00,1846.00,1315.93,166.71,0.26,1.48,1.03,0.11
body_encoder_layer_1_ffn_conv2_fully_connected,512,2048,524288,6.00,0.50,200.00,1256.00,1024.00,207.27,0.00,383.00,256.00,43.97,0.23,0.99,1.00,1.00,0.001618,235.00,1639.00,1329.50,171.19,0.14,1.36,1.04,0.10
body_encoder_layer_1_self_attention_multihead_attention_k_fully_connected,512,512,131072,1.50,0.50,155.00,332.00,256.00,40.69,174.00,377.00,256.00,37.80,0.30,0.95,1.00,0.99,0.01,351.00,709.00,524.05,55.75,0.69,1.38,1.02,0.11
body_encoder_layer_1_self_attention_multihead_attention_output_transform_fully_connected,512,512,131072,1.50,0.50,63.00,375.00,256.00,60.02,181.00,309.00,256.00,24.33,0.46,0.95,1.00,0.99,0.01,251.00,684.00,528.38,55.23,0.49,1.34,1.03,0.11
body_encoder_layer_1_self_attention_multihead_attention_q_fully_connected,512,512,131072,1.50,0.50,172.00,323.00,256.00,32.12,200.00,361.00,256.00,32.32,0.26,0.96,1.00,0.99,0.004858,376.00,684.00,520.11,46.11,0.73,1.34,1.02,0.09
body_encoder_layer_1_self_attention_multihead_attention_v_fully_connected,512,512,131072,1.50,0.50,177.00,321.00,256.00,25.90,151.00,355.00,256.00,38.16,0.25,0.97,1.00,0.99,0.004725,337.00,674.00,520.31,46.50,0.66,1.32,1.02,0.09
body_encoder_layer_2_ffn_conv1_fully_connected,2048,512,524288,6.01,0.50,1.00,386.00,256.00,53.00,530.00,1283.00,1024.00,96.20,0.51,0.00,1.00,0.99,0.04,542.00,1669.00,1300.01,102.18,0.28,1.38,1.03,0.09
body_encoder_layer_2_ffn_conv2_fully_connected,512,2048,524288,6.00,0.50,451.00,1251.00,1024.00,134.19,0.00,372.00,256.00,55.84,0.22,0.99,1.00,1.00,0.001012,465.00,1612.00,1309.76,126.54,0.25,1.32,1.03,0.09
body_encoder_layer_2_self_attention_multihead_attention_k_fully_connected,512,512,131072,1.50,0.50,178.00,316.00,256.00,29.59,204.00,355.00,256.00,27.96,0.23,0.96,1.00,0.99,0.004593,382.00,669.00,518.47,40.86,0.75,1.31,1.01,0.08
body_encoder_layer_2_self_attention_multihead_attention_output_transform_fully_connected,512,512,131072,1.50,0.50,136.00,354.00,256.00,38.26,201.00,314.00,256.00,23.94,0.38,0.97,1.00,0.99,0.004868,344.00,668.00,519.96,42.50,0.67,1.30,1.02,0.08
body_encoder_layer_2_self_attention_multihead_attention_q_fully_connected,512,512,131072,1.50,0.50,193.00,321.00,256.00,25.93,207.00,334.00,256.00,20.96,0.25,0.97,1.00,0.99,0.004148,402.00,655.00,516.34,33.37,0.79,1.28,1.01,0.07
body_encoder_layer_2_self_attention_multihead_attention_v_fully_connected,512,512,131072,1.50,0.50,195.00,313.00,256.00,23.90,88.00,327.00,256.00,33.49,0.22,0.97,1.00,0.99,0.01,295.00,640.00,518.61,38.34,0.58,1.25,1.01,0.07
body_encoder_layer_3_ffn_conv1_fully_connected,2048,512,524288,6.01,0.50,4.00,419.00,256.00,44.58,504.00,1208.00,1024.00,76.26,0.64,0.49,1.00,0.99,0.02,516.00,1627.00,1293.44,81.35,0.27,1.41,1.02,0.08
body_encoder_layer_3_ffn_conv2_fully_connected,512,2048,524288,6.00,0.50,643.00,1323.00,1024.00,113.30,0.00,372.00,256.00,51.07,0.29,0.99,1.00,1.00,0.000986,657.00,1695.00,1302.73,110.81,0.34,1.37,1.03,0.09
body_encoder_layer_3_self_attention_multihead_attention_k_fully_connected,512,512,131072,1.50,0.50,187.00,333.00,256.00,33.80,208.00,334.00,256.00,20.02,0.30,0.96,1.00,0.99,0.01,395.00,667.00,518.03,40.08,0.77,1.30,1.01,0.08
body_encoder_layer_3_self_attention_multihead_attention_output_transform_fully_connected,512,512,131072,1.50,0.50,118.00,363.00,256.00,38.14,206.00,312.00,256.00,24.75,0.42,0.96,1.00,0.99,0.003753,335.00,675.00,520.08,43.04,0.65,1.32,1.02,0.08
body_encoder_layer_3_self_attention_multihead_attention_q_fully_connected,512,512,131072,1.50,0.50,193.00,339.00,256.00,32.33,204.00,366.00,256.00,16.25,0.32,0.97,1.00,0.99,0.004512,402.00,705.00,517.12,37.07,0.79,1.38,1.01,0.07
body_encoder_layer_3_self_attention_multihead_attention_v_fully_connected,512,512,131072,1.50,0.50,207.00,333.00,256.00,26.92,120.00,296.00,256.00,20.78,0.30,0.97,1.00,0.99,0.004780,328.00,629.00,516.52,33.15,0.64,1.23,1.01,0.06
body_encoder_layer_4_ffn_conv1_fully_connected,2048,512,524288,6.01,0.50,7.00,416.00,256.00,38.08,479.00,1176.00,1024.00,67.50,0.62,0.68,1.00,0.99,0.01,486.00,1592.00,1290.11,72.30,0.25,1.39,1.01,0.08
body_encoder_layer_4_ffn_conv2_fully_connected,512,2048,524288,6.00,0.50,682.00,1330.00,1024.00,105.33,4.00,371.00,256.00,47.50,0.30,0.99,1.00,1.00,0.000998,692.00,1701.00,1299.65,104.45,0.35,1.37,1.02,0.09
body_encoder_layer_4_self_attention_multihead_attention_k_fully_connected,512,512,131072,1.50,0.50,172.00,327.00,256.00,30.91,207.00,372.00,256.00,23.22,0.28,0.97,1.00,0.99,0.004992,379.00,699.00,517.84,38.30,0.74,1.37,1.01,0.07
body_encoder_layer_4_self_attention_multihead_attention_output_transform_fully_connected,512,512,131072,1.50,0.50,124.00,343.00,256.00,37.72,189.00,315.00,256.00,22.66,0.34,0.97,1.00,0.99,0.003949,333.00,658.00,519.56,41.35,0.65,1.29,1.01,0.08
body_encoder_layer_4_self_attention_multihead_attention_q_fully_connected,512,512,131072,1.50,0.50,187.00,322.00,256.00,27.90,205.00,367.00,256.00,18.51,0.26,0.96,1.00,0.99,0.004338,395.00,689.00,516.38,33.06,0.77,1.35,1.01,0.06
body_encoder_layer_4_self_attention_multihead_attention_v_fully_connected,512,512,131072,1.50,0.50,185.00,311.00,256.00,23.80,102.00,305.00,256.00,24.01,0.21,0.98,1.00,0.99,0.003867,308.00,616.00,516.46,30.97,0.60,1.20,1.01,0.06
body_encoder_layer_5_ffn_conv1_fully_connected,2048,512,524288,6.01,0.50,17.00,392.00,256.00,36.28,510.00,1168.00,1024.00,69.46,0.53,0.89,1.00,0.99,0.01,609.00,1560.00,1289.85,71.55,0.34,1.34,1.01,0.07
body_encoder_layer_5_ffn_conv2_fully_connected,512,2048,524288,6.00,0.50,584.00,1529.00,1024.00,115.81,11.00,365.00,256.00,46.60,0.49,0.99,1.00,1.00,0.001119,595.00,1894.00,1301.58,115.72,0.31,1.46,1.02,0.09
body_encoder_layer_5_self_attention_multihead_attention_k_fully_connected,512,512,131072,1.50,0.50,190.00,320.00,256.00,26.99,208.00,359.00,256.00,21.04,0.25,0.96,1.00,0.99,0.01,408.00,679.00,516.57,35.29,0.80,1.33,1.01,0.07
body_encoder_layer_5_self_attention_multihead_attention_output_transform_fully_connected,512,512,131072,1.50,0.50,114.00,412.00,256.00,44.06,186.00,315.00,256.00,27.98,0.61,0.94,1.00,0.99,0.01,309.00,727.00,522.64,49.99,0.60,1.42,1.02,0.10
body_encoder_layer_5_self_attention_multihead_attention_q_fully_connected,512,512,131072,1.50,0.50,203.00,328.00,256.00,27.12,210.00,333.00,256.00,17.67,0.28,0.97,1.00,0.99,0.003763,413.00,661.00,516.09,33.02,0.81,1.29,1.01,0.06
body_encoder_layer_5_self_attention_multihead_attention_v_fully_connected,512,512,131072,1.50,0.50,190.00,312.00,256.00,26.38,108.00,294.00,256.00,22.74,0.22,0.97,1.00,0.99,0.004118,298.00,604.00,516.74,32.30,0.58,1.18,1.01,0.06
symbol_modality_33288_512_shared_,33288,512,8521728,97.65,0.50,70.00,374.00,256.00,49.10,41.00,28265.00,16644.00,4076.27,0.46,0.85,1.00,0.97,0.01,182.00,28639.00,17907.73,3623.55,0.24,1.58,1.05,0.13
